{
  "friendly": "极速响应",
  "packages": [
    "com.miui.home",
    "com.meizu.flyme.launcher",
    "net.oneplus.launcher",
    "com.oppo.launcher",
    "ch.deletescape.lawnchair.ci",
    "com.mi.android.globallauncher",
    "com.teslacoilsw.launcher",
    "com.android.quicksearchbox",
    "net.oneplus.h2launcher",
    "com.oneplus.hydrogen.launcher",
    "com.microsoft.launcher",
    "org.lineageos.trebuchet",
    "org.mokee.lawnchair",
    "com.google.android.apps.nexuslauncher",
    "ch.deletescape.lawnchair.plah"
  ],
  "stop_on": [],
  "sensors": [],
  "modes": [{
    "mode": ["powersave"],
    "booster": {
      "events": ["presets"],
      "duration": 3000,
      "idle_delay": 2000,
      "enter": [
        ["$core_ctl_4", "0"],
        ["$core_ctl_7", "0"],
        ["$stune_top_perf", "1"],
        ["$stune_top_boost", "10"],
        ["$cpuset_top", "0-7"],
        ["$cpuset_fg", "0-7"],
        ["@uclamp", "0.00~max", "1.00~max", "1.00~max"],
        ["$cpu_min_0", "1612800"],
        ["$cpu_max_0", "1804800"],
        ["$cpu_max_4", "2342400"],
        ["$cpu_max_7", "2496000"],
        ["@high_rate", "on"]
      ],
      "exit": [
        ["$core_ctl_4", "1"],
        ["$core_ctl_7", "1"],
        ["@uclamp", "0.00~0.00", "0.00~1.00", "0.00~3.00"],
        ["$cpu_min_0", "300000"],
        ["$cpu_min_4", "710400"],
        ["$cpu_min_7", "844800"],
        ["@high_rate", "off"]
      ]
    }
  },{
    "mode": ["balance"],
    "booster": {
      "events": ["presets"],
      "duration": 3000,
      "idle_delay": 2000,
      "enter": [
        ["$core_ctl_4", "0"],
        ["$core_ctl_7", "0"],
        ["$stune_top_perf", "1"],
        ["$stune_top_boost", "10"],
        ["$cpuset_top", "0-7"],
        ["$cpuset_fg", "0-7"],
        ["$cpu_min_0", "1612800"],
        ["$cpu_min_4", "1670400"],
        ["$cpu_min_7", "1670400"],
        ["@uclamp", "1.00~max", "1.00~max", "1.00~max"],
        ["$cpu_max_0", "1804800"],
        ["$cpu_max_4", "2342400"],
        ["$cpu_max_7", "2688000"],
        ["@high_rate", "on"]
      ],
      "exit": [
        ["$core_ctl_4", "1"],
        ["$core_ctl_7", "1"],
        ["@uclamp", "0.00~0.00", "0.00~1.00", "0.00~3.00"],
        ["$cpu_min_0", "300000"],
        ["$cpu_min_4", "710400"],
        ["$cpu_min_7", "844800"],
        ["@high_rate", "off"]
      ]
    }
  },{
    "mode": ["performance", "fast"],
    "booster": {
      "events": ["presets"],
      "duration": 3000,
      "idle_delay": 2000,
      "enter": [
        ["$cpuset_top", "0-7"],
        ["$cpuset_fg", "0-7"],
        ["$stune_top_boost", "100"],
        ["$stune_top_perf", "1"],
        ["$sched_boost", "2"],
        ["@uclamp", "5.00~max", "max~max", "max~max"],
        ["$cpu_max_0", "1804800"],
        ["$cpu_max_4", "2419200"],
        ["$cpu_max_7", "3300000"],
        ["@high_rate", "on"]
      ],
      "exit": [
        ["@uclamp", "0.00~max", "0.00~max", "0.00~max"],
        ["@high_rate", "off"]
      ]
    }
  }]
}