{
  "friendly": "抖音、西瓜、快手",
  "packages": ["com.ss.android.ugc.aweme", "com.ss.android.ugc.aweme.lite", "com.ss.android.article.video", "com.smile.gifmaker"],
  "modes": [{
    "mode": ["powersave"],
    "booster": {
      "events": ["presets"],
      "duration": 2000,
      "idle_delay": 3000,
      "enter": [
        ["$core_ctl_4", "0"],
        ["$core_ctl_7", "0"],
        ["$cpuset_top", "0-7"],
        ["$cpuset_fg", "0-7"],
        ["@uclamp", "0.00~max", "1.00~max", "1.00~max"],
        ["@high_rate", "on"]
      ],
      "exit": [
        ["@uclamp", "0.00~0.00", "0.00~1.00", "0.00~10.00"],
        ["$cpu_max_0", "1708800"],
        ["$cpu_max_4", "1555200"],
        ["$cpu_max_7", "1555200"],
        ["$stune_top_boost", "0"],
        ["$stune_top_perf", "0"],
        ["$cpuset_top", "0-6"],
        ["$cpuset_fg", "0-6"],
        ["@high_rate", "off"]
      ]
    }
  }, {
    "mode": ["balance"],
    "booster": {
      "events": ["presets"],
      "duration": 2000,
      "idle_delay": 3000,
      "enter": [
        ["$cpuset_top", "0-7"],
        ["$cpuset_fg", "0-7"],
        ["@uclamp", "0.00~max", "1.00~max", "1.00~max"],
        ["@high_rate", "on"]
      ],
      "exit": [
        ["@uclamp", "0.00~0.00", "0.00~1.00", "0.00~15.00"],
        ["$stune_top_boost", "0"],
        ["$stune_top_perf", "0"],
        ["$cpuset_top", "0-6"],
        ["$cpuset_fg", "0-6"],
        ["@high_rate", "off"]
      ]
    }
  }, {
    "mode": ["performance", "fast"],
    "booster": {
      "events": ["presets"],
      "duration": 2000,
      "idle_delay": 4000,
      "enter": [
        ["$cpuset_top", "0-7"],
        ["$stune_top_boost", "10"],
        ["$stune_top_perf", "1"],
        ["@uclamp", "0.00~max", "1.00~max", "1.00~max"],
        ["@high_rate", "on"]
      ],
      "exit": [
        ["@uclamp", "0.00~20.00", "0.00~max", "0.00~max"],
        ["@high_rate", "off"]
      ]
    }
  }]
}