{
  "platform": "lahaina",
  "platform_name": "888/888+",
  "framework": 130,
  "alias": {
    "gpu_max_khz": "/sys/class/kgsl/kgsl-3d0/devfreq/max_freq",
    "mi_thermal": "/sys/class/thermal/thermal_message/sconfig",
    "charge_limit": "/sys/class/power_supply/battery/charge_control_limit",
    "night_charging": "/sys/class/power_supply/battery/night_charging",
    "msm_min_freq": "/sys/module/msm_performance/parameters/cpu_min_freq",
    "msm_max_freq": "/sys/module/msm_performance/parameters/cpu_max_freq"
  },
  "presets": {
    "reset": [
      ["$msm_max_freq", "#0:4294967295 1:4294967295 2:4294967295 3:4294967295 4:4294967295 5:4294967295 6:4294967295 7:4294967295"],
      ["$msm_min_freq", "#0:0 1:0 2:0 3:0 4:0 5:0 6:0 7:0"],
      ["$msm_max_freq", "#0:4294967295 1:4294967295 2:4294967295 3:4294967295 4:4294967295 5:4294967295 6:4294967295 7:4294967295"]
    ]
  },
  "schemes": {
    "powersave": {
      "call": [
        ["@preset", "reset"],
        ["$core_ctl_4", "1"],
        ["$core_ctl_7", "1"],
        ["@thermal_disguise", "false"],
        ["@gpu_freq", "min", "491MHz"],
        ["@high_rate", "off", "3000"]
      ]
    },
    "balance": {
      "call": [
        ["@preset", "reset"],
        ["$core_ctl_4", "0"],
        ["$core_ctl_7", "0"],
        ["@thermal_disguise", "false"],
        ["@gpu_freq", "min", "540000"],
        ["@high_rate", "on"]
      ]
    },
    "performance": {
      "call": [
        ["@preset", "reset"],
        ["$core_ctl_4", "0"],
        ["$core_ctl_7", "0"],
        ["@thermal_disguise", "true"],
        ["@gpu_freq", "min", "738000"],
        ["@high_rate", "on"]
      ]
    },
    "fast": {
      "call": [
        ["@preset", "reset"],
        ["$core_ctl_4", "0"],
        ["$core_ctl_7", "0"],
        ["@thermal_disguise", "true"],
        ["@gpu_freq", "min", "778000"],
        ["@high_rate", "on"]
      ]
    },
    "pedestal": {
      "call": [
        ["@preset", "reset"],
        ["$core_ctl_4", "0"],
        ["$core_ctl_7", "0"],
        ["@thermal_disguise", "true"],
        ["@gpu_freq", "491000", "max"],
        ["$mi_thermal", "10"],
        ["@high_rate", "on"]
      ]
    }
  },
  "features": {
    "high_rate": {
      "enable": true,
      "enable_control": "/data/local/tmp/scene_refresh_rate",
      "device_policy": [{
          "device": "star", "name": "Mi 11 Pro/Ultra", "enable": true,
          "mode_high_rate": "0", "mode_low_rate": "2", "mode_standby": "0",
          "1440P120Hz": "0", "1440P90Hz": "1", "1440P60Hz": "2"
        }, {
          "device": "mars", "name": "Mi 11 Pro/Ultra", "enable": true,
          "mode_high_rate": "0", "mode_low_rate": "2", "mode_standby": "0",
          "1440P120Hz": "0", "1440P90Hz": "1", "1440P60Hz": "2"
        }, {
          "device": "venus", "name": "Mi 11", "enable": true,
          "mode_high_rate": "0", "mode_low_rate": "2", "mode_standby": "0",
          "1440P120Hz": "0", "1440P90Hz": "1", "1440P60Hz": "2"
        }, {
          "device": "odin", "name": "Mix 4", "enable": false,
          "mode_high_rate": "1", "mode_low_rate": "0",
          "1080P120Hz": "1", "1080P90Hz": "2", "1080P60Hz": "0"
        }, {
          "device": "OnePlus9", "enable": true,
          "mode_high_rate": "1", "mode_low_rate": "0"
        }, {
          "device": "zijin", "name": "Mi 12 Lite / Civi 1s", "enable": true,
          "mode_high_rate": "1", "mode_low_rate": "0"
        },
        { "device": "RMX2202CN", "name": "Realme RMX2202CN",  "enable": true, "mode_high_rate": "1", "mode_low_rate": "0" },
        { "device": "meizu18", "name": "Meizu18th",  "enable": true, "mode_high_rate": "1", "mode_middle_rate": "2", "mode_low_rate": "3" }
      ]
    },
    "processes": [
      {
        "app": "com.miui.home", "group": "top-app",
        "delay": 2000, "interval": 5000, "repeat": 3
      }
    ]
  },
  "apps": [
    {
      "friendly": "原神",
      "packages": [
        "com.miHoYo.Yuanshen",
        "com.miHoYo.ys.mi",
        "com.miHoYo.ys.bilibili",
        "com.miHoYo.GenshinImpact"
      ],
      "import": "_GenshinImpact.json"
    },
    {
      "friendly": "幻塔",
      "packages": [
        "com.dw.h5yvzr.yt",
        "com.pwrd.hotta.laohu",
        "com.hottagames.hotta.bilibili",
        "com.hottagames.hotta.mi"
      ],
      "import": "_Hotta.json"
    },
    {
      "friendly": "机动都市阿尔法",
      "packages": ["com.netease.jddsaef", "com.netease.g93na", "com.netease.g93natw"],
      "cpuset": {
        "heavy_thread": "Thread-",
        "heavy_cores": "7",
        "other": "0-6"
      }
    },
    {
      "friendly": "暗区突围",
      "packages": ["com.tencent.mf.uam"],
      "import": "_UAM.json"
    },
    {
      "friendly": "穿越火线，使命召唤",
      "packages": ["com.tencent.tmgp.cf", "com.tencent.tmgp.cod"],
      "import": "_CF_COD.json"
    },
    {
      "friendly": "王者荣耀/LOL",
      "packages": ["com.tencent.tmgp.sgame", "com.garena.game.kgtw", "com.tencent.lolm"],
      "import": "_SGAME.json"
    },
    {
      "friendly": "LOL",
      "packages": ["com.tencent.lolm"],
      "import": "_LOLM.json"
    },
    {
      "friendly": "和平精英",
      "packages": ["com.tencent.tmgp.pubgmhd",  "com.tencent.ig"],
      "import": "_PUBG.json"
    },
    {
      "friendly": "QQ飞车",
      "packages": ["com.tencent.tmgp.speedmobile"],
      "import": "_SpeedMobile.json"
    },
    {
      "friendly": "APEX",
      "packages": ["com.levelinfinite.apexlegendsmobile", "com.ea.gp.apexlegendsmobilefps", "com.tw.fivexgames.apexlegendsmobile"],
      "import": "_APEX.json"
    },
    {
      "friendly": "抖音、西瓜、快手",
      "packages": ["com.ss.android.ugc.aweme", "com.ss.android.ugc.aweme.lite", "com.ss.android.article.video", "com.smile.gifmaker"],
      "import": "_ShortVideo.json"
    },
    {
      "friendly": "视频应用",
      "packages": [
        "tv.danmaku.bili", "com.bilibili.app.in",
        "com.google.android.youtube",
        "com.tencent.qqlive",
        "com.ss.android.article.video",
        "com.qiyi.video",
        "com.qiyi.video.lite",
        "com.qiyi.video.sdkplayer",
        "com.dianshijia.newlive",
        "com.duowan.kiwi",
        "air.tv.douyu.android",
        "com.douyu.rush",
        "com.youku.phone",
        "org.telegram.messenger",
        "com.hunantv.imgo.activity"
      ],
      "import": "_Video.json"
    },
    {
      "friendly": "社交APP",
      "packages": [
        "com.tencent.mobileqq",
        "com.tencent.mm",
        "com.tencent.tim",
        "org.telegram.messenger"
      ],
      "import": "_IM.json"
    },
    {
      "friendly": "音乐APP",
      "packages": [
        "com.netease.cloudmusic",
        "com.kugou.android",
        "com.kugou.android.lite"
      ],
      "import": "_Music.json"
    },
    {
      "friendly": "小说阅读",
      "packages": [
        "io.legado.app.release",
        "com.duokan.reader",
        "com.ruguoapp.jike",
        "com.ruanmei.ithome"
      ],
      "import": "_Reader.json"
    },
    {
      "friendly": "提高滑动性能",
      "packages": [
        "com.taobao.idlefish",
        "com.taobao.taobao",
        "com.android.browser",
        "com.baidu.tieba_mini",
        "com.baidu.tieba",
        "com.jingdong.app.mall",
        "com.tmall.wireless",
        "com.sankuai.meituan",
        "com.pupumall.customer",
        "com.eg.android.AlipayGphone",
        "com.android.vending",
        "cn.xiaochuankeji.tieba",
        "com.mfw.roadbook"
      ],
      "import": "_ScrollOpt.json"
    },
    {
      "friendly": "极速响应",
      "packages": [
        "com.miui.home",
        "com.meizu.flyme.launcher",
        "net.oneplus.launcher",
        "com.oppo.launcher",
        "ch.deletescape.lawnchair.ci",
        "com.mi.android.globallauncher",
        "com.teslacoilsw.launcher",
        "com.android.quicksearchbox",
        "net.oneplus.h2launcher",
        "com.oneplus.hydrogen.launcher",
        "com.microsoft.launcher",
        "org.lineageos.trebuchet",
        "org.mokee.lawnchair",
        "com.google.android.apps.nexuslauncher"
      ],
      "import": "_Launcher.json"
    },
    {
      "friendly": "扫码",
      "packages": [
        "com.tencent.mm.plugin.scanner.ui.BaseScanUI",
        "com.tencent.mobileqq.olympic.activity.ScanTorchActivity",
        "com.tencent.mobileqq.olympic.activity.ScanTorchActivity",
        "com.alipay.mobile.scan.as.main.MainCaptureActivity",
        "com.jd.lib.scan.lib.zxing.client.android.CaptureActivity",
        "com.etao.feimagesearch.capture.CaptureActivity"
      ],
      "import": "_Scanner.json"
    },
    {
      "friendly": "相机",
      "packages": [
        "com.tencent.mm.plugin.recordvideo.activity.MMRecordUI",
        "com.tencent.aelight.camera.aebase.QIMCameraCaptureActivity",
        "dov.com.qq.im.QIMCameraCaptureActivity",
        "com.googleCamera.Wichaya8",
        "com.accordion.analogcam.cn",
        "org.codeaurora.snapcam",
        "com.android.camera",
        "com.xiaomi.scanner",
        "com.blink.academy.protake",
        "com.benqu.wuta",
        "com.gorgeous.lite",
        "com.kwai.m2u",
        "com.meitu.meiyancamera",
        "com.yiruike.sodacn.android",
        "com.lemon.faceu",
        "com.mt.mtxx.mtxx"
      ],
      "import": "_Camera.json"
    },
    {
      "friendly": "狗屎/毒瘤",
      "packages": [
        "com.tencent.mm:appbrand",
        "com.tencent.mm:toolsmp"
      ],
      "import": "_MiniProgram.json"
    },
    {
      "friendly": "备份还原",
      "packages": ["com.miui.huanji", "com.miui.backup"],
      "call": [
        ["@uclamp", "0.00~max", "max~max", "max~max"],
        ["@high_rate", "off", "2000"]
      ]
    },
    {
      "friendly": "白名单应用",
      "packages": ["com.android.providers.downloads.ui", "android.process.mediaui"],
      "import": "_WhiteList.json"
    },
    {
      "friendly": "All",
      "packages": ["*"],
      "import": "_General.json"
    }
  ]
}