{
  "friendly": "社交APP",
  "packages": [
    "com.tencent.mobileqq",
    "com.tencent.tim",
    "com.tencent.mm",
    "org.telegram.messenger"
  ],
  "modes": [{
    "mode": ["powersave"],
    "call": [
      ["$boost_affinity", "#0"],
      ["@cpuset", "1-3", "1-3", "1-6", "0-7"],
      ["@classical", "cpu7", "90", "77", "4", "1"]
    ],
    "booster": {
      "events": ["presets"],
      "duration": 2000,
      "idle_delay": 2000,
      "enter": [
        ["$cpu_min_0", "#500000"],
        ["$cpu_min_4", "#700000"],
        ["$dcs_mode", "0"],
        ["@preset", "perf_fg_opt"],
        ["$core_ctl_7", "0"],
        ["$max_cpus_cpu7", "1"],
        ["@high_rate", "on"],
        ["@cpuset", "1-3", "1-3", "1-7", "0-7"],
        ["$core_ctl_0", "0"], ["$core_ctl_4", "0"], ["$core_ctl_7", "0"],
        ["@classical", "cpu0", "88", "80", "3", "1"],
        ["@classical", "cpu4", "88", "80", "2", "1"]
      ],
      "exit": [
        ["$cpu_min_0", "#200000"],
        ["$cpu_min_4", "#400000"],
        ["@cpuset", "1", "1-3", "1-4", "0-7"],
        ["$core_ctl_0", "0"], ["$core_ctl_4", "0"], ["$core_ctl_7", "1"],
        ["@classical", "cpu0", "99", "92", "1", "1"],
        ["@classical", "cpu4", "95", "88", "2", "1"],
        ["$dcs_mode", "1"],
        ["@preset", "perf_doze"],
        ["@high_rate", "off"]
      ]
    }
  }, {
    "mode": ["balance"],
    "call": [
      ["$boost_affinity", "#0"]
    ],
    "booster": {
      "events": ["presets"],
      "duration": 2000,
      "idle_delay": 3000,
      "enter": [
        ["$core_ctl_7", "0"],
        ["@cpuset", "1-3", "1-3", "1-7", "0-7"],
        ["$cpu_min_0", "#500000"],
        ["$cpu_min_4", "#700000"],
        ["@preset", "perf_fg_opt"],
        ["$dcs_mode", "0"], ["@high_rate", "on"],
        ["@classical", "cpu0", "80", "70", "4", "1"],
        ["@classical", "cpu4", "87", "73", "4", "1"],
        ["@classical", "cpu7", "87", "73", "4", "1"]
      ],
      "exit": [
        ["$core_ctl_7", "1"],
        ["@cpuset", "1", "1-3", "1-6", "0-7"],
        ["@preset", "perf_idle"],
        ["$cpu_min_0", "#20000"],
        ["$cpu_min_4", "#400000"],
        ["$dcs_mode", "1"], ["@high_rate", "off"],
        ["@classical", "cpu0", "89", "75", "3", "1"],
        ["@classical", "cpu4", "93", "75", "3", "1"],
        ["@classical", "cpu7", "91", "79", "3", "1"]
      ]
    }
  },{
    "mode": ["performance"],
    "booster": {
      "events": ["presets"],
      "duration": 2000,
      "enter": [
        ["$uclamp_fg_min", "0.05"],
        ["$uclamp_top_min", "0.25"],
        ["@high_rate", "on"]
      ],
      "exit": [
        ["@high_rate", "off"]
      ]
    }
  }, {
    "mode": ["fast"],
    "booster": {
      "events": ["presets"],
      "duration": 2000,
      "enter": [
        ["$uclamp_fg_min", "max"],
        ["$uclamp_top_min", "max"],
        ["@high_rate", "on"]
      ],
      "exit": [
        ["@high_rate", "off"]
      ]
    }
  }]
}