{
  "friendly": "扫码",
  "packages": [
    "com.tencent.mm.plugin.scanner.ui.BaseScanUI",
    "com.tencent.mobileqq.olympic.activity.ScanTorchActivity",
    "com.tencent.mobileqq.olympic.activity.ScanTorchActivity",
    "com.alipay.mobile.scan.as.main.MainCaptureActivity",
    "com.jd.lib.scan.lib.zxing.client.android.CaptureActivity",
    "com.etao.feimagesearch.capture.CaptureActivity"
  ],
  "call": [
    ["$uclamp_heavy", "1"],
    ["@governor", "schedutil"],
    ["@cpuset", "0", "3-4", "0-7", "0-7"],
    ["@cpu_freq", "cpu0", "1.6Ghz", "max"],
    ["@cpu_freq", "cpu4", "2.3Ghz", "max"],
    ["@cpu_freq", "cpu7", "2.3Ghz", "3000000"],
    ["@preset", "perf_active"],
    ["$max_cpus_cpu7", "1"],
    ["$mi_thermal", "10"],
    ["@high_rate", "off"]
  ],
  "booster": {
    "events": ["touch", "buttons"],
    "duration": 2000,
    "idle_delay": 2000,
    "enter": [ ["@high_rate", "on"] ],
    "exit": [ ["@high_rate", "off"] ]
  }
}