{
  "platform": "mt6891",
  "platform_name": "D1100",
  "framework": 130,
  "alias": {
    "min_cpu_freq": "/proc/ppm/policy/hard_userlimit_min_cpu_freq",
    "max_cpu_freq": "/proc/ppm/policy/hard_userlimit_max_cpu_freq",
    "gpu_dvfs_margin": "/sys/kernel/ged/hal/timer_base_dvfs_margin",
    "gpu_max_opp": "/sys/kernel/ged/hal/custom_upbound_gpu_freq",
    "util_max_top": "/dev/stune/top-app/schedtune.util.max",
    "util_max_fg": "/dev/stune/foreground/schedtune.util.max",
    "util_max_bg": "/dev/stune/background/schedtune.util.max",
    "util_min_top": "/dev/stune/top-app/schedtune.util.min",
    "util_min_fg": "/dev/stune/foreground/schedtune.util.min",
    "util_min_bg": "/dev/stune/background/schedtune.util.min",
    "deisolation": "/sys/devices/system/cpu/sched/set_sched_deisolation"
  },
  "schemes": {
    "powersave": {
      "call": [
        ["@perf_turbo", "mt6893", "off", "24"]
      ]
    },
    "balance": {
      "call": [
        ["@perf_turbo", "mt6893", "off", "19"]
      ]
    },
    "performance": {
      "call": [
        ["@perf_turbo", "mt6893", "on", "3"]
      ]
    },
    "fast": {
      "call": [
        ["@perf_turbo", "mt6893", "extreme", "0"]
      ]
    },
    "pedestal": {
      "call": [
        ["@perf_turbo", "mt6893", "extreme", "0"]
      ]
    }
  },
  "apps": [
    {
      "friendly": "机动都市阿尔法",
      "packages": ["com.netease.jddsaef"],
      "import": "_NeteaseJDDS.json"
    },
    {
      "friendly": "原神",
      "packages": [
        "com.miHoYo.Yuanshen",
        "com.miHoYo.ys.mi",
        "com.miHoYo.ys.bilibili",
        "com.miHoYo.GenshinImpact"
      ],
      "affinity": {
        "cpuset_mode": "coexist",
        "comm": {
          "80": ["UnityGfx"],
          "70": ["UnityPreload", "UnityMultiRende", "UnityMain"],
          "3F": ["Thread-", "FMOD", "UnityChoreograp", "ged-swd", "AsyncReadManage", "Worker Thread", "NativeThread"],
          "F": ["MIHOYO_NETWORK", "mali-cmar-backe", "mali-event-", "mali-cpu-", "mali-mem-", "Audio", "tp_schedule"]
        },
        "other": "3F"
      },
      "modes": [
        {
          "mode": ["powersave"],
          "logger": false,
          "booster": {
            "events": ["presets"],
            "duration": 20000,
            "idle_delay": 20000,
            "enter": [
              ["$min_cpu_freq", "0 1525000|1 902000|2 659000"],
              ["$max_cpu_freq", "0 2000000|1 1624000|2 1985000"],
              ["$gpu_max_opp", "32"],
              ["$util_max_top", "1024"],
              ["$util_max_bg", "100"],
              ["$util_max_fg", "1024"],
              ["$deisolation", "4|5|6|7"]
            ],
            "exit": [
              ["$min_cpu_freq", "0 500000|1 437000|2 659000"],
              ["$max_cpu_freq", "0 1525000|1 902000|2 921000"],
              ["$gpu_max_opp", "40"],
              ["$util_max_top", "0"],
              ["$util_max_bg", "0"],
              ["$util_max_fg", "0"],
              ["$deisolation", "4|5|6|7"]
            ]
          }
        }, {
          "mode": ["*"],
          "booster": {
            "events": ["presets"],
            "duration": 2000,
            "idle_delay": 2000,
            "enter": [
              ["$deisolation", "4|5|6|7"]
            ],
            "exit": [
              ["$deisolation", "4|5|6|7"]
            ]
          }
        }
      ]
    },
    {
      "friendly": "幻塔",
      "packages": [
        "com.dw.h5yvzr.yt",
        "com.pwrd.hotta.laohu",
        "com.hottagames.hotta.bilibili",
        "com.hottagames.hotta.mi"
      ],
      "modes": [
        {
          "mode": ["*"],
          "logger": false,
          "affinity": {
            "interval": 1000,
            "comm": {
              "80": ["GameThread"],
              "70": ["RenderThread", "RHIThread"]
            },
            "other": "ff"
          },
          "booster": {
            "events": ["presets"],
            "duration": 20000,
            "enter": [
              ["$util_max_top", "1024"],
              ["$util_max_bg", "100"],
              ["$util_max_fg", "1024"],
              ["$deisolation", "4|5|6|7"]
            ],
            "exit": [
              ["$util_max_bg", "0"],
              ["$deisolation", "4|5|6|7"]
            ]
          }
        }
      ]
    },
    {
      "friendly": "和平精英",
      "packages": ["com.tencent.tmgp.pubgmhd",  "com.tencent.ig"],
      "sensors": [],
      "modes": [
        {
          "mode": ["powersave"],
          "logger": false,
          "affinity": {
            "interval": 1000,
            "comm": {
              "F0": ["RenderThread"],
              "70": ["Thread-", "TaskGraphNP"]
            },
            "other": "7f"
          }
        },
        {
          "mode": ["performance"],
          "logger": false,
          "affinity": {
            "interval": 1000,
            "comm": {
              "80": ["RenderThread"],
              "70": ["Thread-", "TaskGraphNP"]
            },
            "other": "7f"
          },
          "booster": {
            "events": ["presets"],
            "duration": 2000,
            "enter": [
              ["$stune_top_boost", "10"]
            ],
            "exit": [
              ["$sched_boost", "0"]
            ]
          }
        },
        {
          "mode": ["fast"],
          "logger": false,
          "affinity": {
            "interval": 1000,
            "comm": {
              "80": ["RenderThread"],
              "70": ["Thread-", "TaskGraphNP"]
            },
            "other": "7f"
          },
          "booster": {
            "events": ["presets"],
            "duration": 2000,
            "enter": [
              ["$stune_top_boost", "60"]
            ],
            "exit": [
              ["$sched_boost", "0"]
            ]
          }
        },
        {
          "mode": ["*"],
          "logger": false,
          "affinity": {
            "interval": 1000,
            "comm": {
              "80": ["RenderThread"],
              "70": ["Thread-", "TaskGraphNP"]
            },
            "other": "7f"
          }
        }
      ]
    },
    {
      "friendly": "王者荣耀/LOL",
      "packages": ["com.tencent.tmgp.sgame", "com.garena.game.kgtw", "com.tencent.lolm"],
      "affinity": {
        "interval": 1000,
        "unity_main": "80",
        "heavy_thread": "Thread-",
        "heavy_mask": "40",
        "cpuset_mode": "coexist",
        "comm": {
          "F0": ["UnityPreload"],
          "40": ["UnityGfx"],
          "30": ["CoreThread", "Worker Thread"],
          "3F": ["NativeThread", "Audio", "NDK Media", "GVoice", "FMOD mixer", "FMOD stream", "ff_read"]
        },
        "other": "3F"
      },
      "modes": [{
        "mode": ["powersave", "balance"],
        "call": [
          ["@thermal_disguise", "true"]
        ],
        "booster": {
          "events": ["presets"],
          "duration": 3000,
          "enter": [
            ["$core_ctl_4", "0"],
            ["$core_ctl_7", "0"],
            ["$util_max_top", "1024"],
            ["$util_max_bg", "100"],
            ["$util_max_fg", "1024"],
            ["$deisolation", "4|5|6|7"],
            ["$min_cpu_freq", "1 1537000|2 921000"]
          ],
          "exit": [
            ["$util_max_top", "1024"],
            ["$util_max_fg", "1024"],
            ["$deisolation", "4|5|6|7"],
            ["$min_cpu_freq", "1 902000|2 659000"]
          ]
        }
      },{
        "mode": ["performance", "fast"],
        "call": [
          ["@thermal_disguise", "true"]
        ],
        "booster": {
          "events": ["presets"],
          "duration": 2000,
          "enter": [
            ["$deisolation", "4|5|6|7"],
            ["$min_cpu_freq", "1 1985000|2 1482000"]
          ],
          "exit": [
            ["$deisolation", "4|5|6|7"],
            ["$min_cpu_freq", "1 1162000|2 921000"]
          ]
        }
      },{
        "mode": ["pedestal"],
        "call": [
          ["@thermal_disguise", "true"]
        ],
        "booster": {
          "events": ["presets"],
          "duration": 2000,
          "enter": [
            ["$deisolation", "4|5|6|7"],
            ["$stune_top_boost", "10"]
          ],
          "batter": 6,
          "infinite": [
            ["$stune_top_boost", "30"]
          ],
          "exit": [
            ["$deisolation", "4|5|6|7"]
          ]
        }
      }]
    },
    {
      "friendly": "APEX",
      "packages": ["com.levelinfinite.apexlegendsmobile", "com.ea.gp.apexlegendsmobilefps", "com.tw.fivexgames.apexlegendsmobile"],
      "call": [
        ["$dcs_mode", "0"],
        ["$mi_thermal", "13"]
      ],
      "affinity": {
        "heavy_thread": "Thread-",
        "heavy_mask": "80",
        "comm": {
          "70": ["RHIThread", "RenderThread", "TaskGraphNP", "NativeThread", "MainThread-UE4"]
        },
        "other": "7F"
      }
    },
    {
      "friendly": "抖音、西瓜、快手",
      "packages": ["com.ss.android.ugc.aweme", "com.ss.android.ugc.aweme.lite", "com.ss.android.article.video", "com.smile.gifmaker"],
      "stop_on": [],
      "sensors": [],
      "modes": [{
        "mode": ["powersave"],
        "booster": {
          "events": ["presets"],
          "duration": 2000,
          "enter": [
            ["$max_cpu_freq", "0 1725000|1 1855000|2 1820000"],
            ["$min_cpu_freq", "0 1450000|1 1537000|2 1258000"],
            ["$cpuset_top", "0-7"],
            ["$cpuset_fg", "0-7"],
            ["$util_max_fg", "1024"],
            ["$util_min_fg", "0"],
            ["$util_max_top", "1024"],
            ["$util_min_top", "0"],
            ["$util_min_bg", "1024"],
            ["$util_max_bg", "0"]
          ],
          "exit": [
            ["$util_max_fg", "100"],
            ["$util_min_fg", "0"],
            ["$util_max_top", "1024"],
            ["$util_min_top", "0"],
            ["$max_cpu_freq", "0 1725000|1 902000|2 659000"],
            ["$min_cpu_freq", "0 1350000|1 437000|2 659000"],
            ["$stune_top_boost", "0"],
            ["$stune_top_perf", "0"],
            ["$cpuset_top", "0-6"],
            ["$cpuset_fg", "0-6"]
          ]
        }
      }, {
        "mode": ["balance"],
        "booster": {
          "events": ["presets"],
          "duration": 2000,
          "enter": [
            ["$max_cpu_freq", "0 1800000|1 1985000|2 2284000"],
            ["$min_cpu_freq", "0 1450000|1 1537000|2 1370000"],
            ["$cpuset_top", "0-7"],
            ["$cpuset_fg", "0-7"],
            ["$util_max_fg", "1024"],
            ["$util_min_fg", "0"],
            ["$util_max_top", "1024"],
            ["$util_min_top", "0"],
            ["$util_min_bg", "1024"],
            ["$util_max_bg", "0"]
          ],
          "exit": [
            ["$util_max_fg", "200"],
            ["$util_min_fg", "0"],
            ["$util_max_top", "1024"],
            ["$util_min_top", "0"],
            ["$max_cpu_freq", "0 1725000|1 1624000|2 659000"],
            ["$min_cpu_freq", "0 1450000|1 437000|2 659000"],
            ["$stune_top_boost", "0"],
            ["$stune_top_perf", "0"],
            ["$cpuset_top", "0-6"],
            ["$cpuset_fg", "0-6"]
          ]
        }
      }]
    },
    {
      "friendly": "视频应用",
      "packages": [
        "tv.danmaku.bili", "com.bilibili.app.in",
        "com.google.android.youtube",
        "com.tencent.qqlive",
        "com.ss.android.article.video",
        "com.qiyi.video",
        "com.qiyi.video.lite",
        "com.qiyi.video.sdkplayer",
        "com.dianshijia.newlive",
        "com.duowan.kiwi",
        "air.tv.douyu.android",
        "com.douyu.rush",
        "com.youku.phone",
        "org.telegram.messenger",
        "com.hunantv.imgo.activity"
      ],
      "stop_on": [],
      "sensors": [],
      "modes": [{
        "mode": ["powersave"],
        "booster": {
          "events": ["presets"],
          "duration": 2000,
          "enter": [
            ["$max_cpu_freq", "0 1725000|1 1622000|2 1632000"],
            ["$min_cpu_freq", "0 1450000|1 1162000|2 1258000"],
            ["$cpuset_top", "0-7"],
            ["$cpuset_fg", "0-7"],
            ["$util_max_fg", "1024"],
            ["$util_min_fg", "0"],
            ["$util_max_top", "1024"],
            ["$util_min_top", "0"],
            ["$util_min_bg", "1024"],
            ["$util_max_bg", "0"]
          ],
          "exit": [
            ["$util_max_fg", "100"],
            ["$util_min_fg", "0"],
            ["$util_max_top", "1024"],
            ["$util_min_top", "0"],
            ["$max_cpu_freq", "0 1725000|1 1162000|2 659000"],
            ["$min_cpu_freq", "0 1350000|1 437000|2 659000"],
            ["$stune_top_boost", "0"],
            ["$stune_top_perf", "0"],
            ["$cpuset_top", "0-6"],
            ["$cpuset_fg", "0-6"]
          ]
        }
      }, {
        "mode": ["balance"],
        "booster": {
          "events": ["presets"],
          "duration": 2000,
          "enter": [
            ["$max_cpu_freq", "0 1800000|1 1985000|2 2284000"],
            ["$min_cpu_freq", "0 1450000|1 1335000|2 1370000"],
            ["$cpuset_top", "0-7"],
            ["$cpuset_fg", "0-7"],
            ["$util_max_fg", "1024"],
            ["$util_min_fg", "0"],
            ["$util_max_top", "1024"],
            ["$util_min_top", "0"],
            ["$util_min_bg", "1024"],
            ["$util_max_bg", "0"]
          ],
          "exit": [
            ["$util_max_fg", "200"],
            ["$util_min_fg", "0"],
            ["$util_max_top", "1024"],
            ["$util_min_top", "0"],
            ["$max_cpu_freq", "0 1725000|1 1624000|2 659000"],
            ["$min_cpu_freq", "0 1450000|1 437000|2 659000"],
            ["$stune_top_boost", "0"],
            ["$stune_top_perf", "0"],
            ["$cpuset_top", "0-6"],
            ["$cpuset_fg", "0-6"]
          ]
        }
      }]
    },
    {
      "friendly": "社交APP",
      "packages": [
        "com.tencent.mobileqq",
        "com.tencent.mm",
        "com.tencent.tim",
        "org.telegram.messenger"
      ],
      "import": "_IM.json"
    },
    {
      "friendly": "极速响应",
      "packages": [
        "com.miui.home",
        "com.meizu.flyme.launcher",
        "net.oneplus.launcher",
        "com.oppo.launcher",
        "ch.deletescape.lawnchair.ci",
        "com.mi.android.globallauncher",
        "com.teslacoilsw.launcher",
        "com.android.quicksearchbox",
        "net.oneplus.h2launcher",
        "com.oneplus.hydrogen.launcher",
        "com.microsoft.launcher",
        "org.lineageos.trebuchet",
        "org.mokee.lawnchair",
        "com.google.android.apps.nexuslauncher"
      ],
      "modes": [{
        "mode": ["powersave"],
        "booster": {
          "events": ["presets"],
          "duration": 3000,
          "enter": [
            ["$cpuset_top", "0-7"],
            ["$cpuset_fg", "0-7"],
            ["$min_cpu_freq", "0 1250000|1 1335000|2 1482000"],
            ["$max_cpu_freq", "0 2000000|1 1985000|2 2127000"],
            ["$gpu_dvfs_margin", "40"],
            ["$util_max_top", "1024"],
            ["$util_max_bg", "1024"],
            ["$util_max_fg", "1024"],
            ["$deisolation", "4|5|6|7"]
          ],
          "exit": [
            ["$min_cpu_freq", "0 500000|1 437000|2 659000"],
            ["$max_cpu_freq", "0 1725000|1 1622000|2 1632000"],
            ["$gpu_dvfs_margin", "10"],
            ["$deisolation", "4|5|6|7"]
          ]
        }
      },{
        "mode": ["balance"],
        "booster": {
          "events": ["presets"],
          "duration": 3000,
          "enter": [
            ["$cpuset_top", "0-7"],
            ["$cpuset_fg", "0-7"],
            ["$min_cpu_freq", "0 1250000|1 1335000|2 1482000"],
            ["$max_cpu_freq", "0 2000000|1 2200000|2 2410000"],
            ["$gpu_dvfs_margin", "50"],
            ["$deisolation", "4|5|6|7"]
          ],
          "exit": [
            ["$min_cpu_freq", "0 500000|1 437000|2 659000"],
            ["$max_cpu_freq", "0 1800000|1 1985000|2 2292000"],
            ["$gpu_dvfs_margin", "10"],
            ["$deisolation", "4|5|6|7"]
          ]
        }
      },{
        "mode": ["performance"],
        "booster": {
          "events": ["presets"],
          "duration": 3000,
          "enter": [
            ["$cpuset_top", "0-7"],
            ["$cpuset_fg", "0-7"],
            ["$min_cpu_freq", "0 1625000|1 1624000|2 1632000"],
            ["$max_cpu_freq", "0 2000000|1 2600000|2 2600000"],
            ["$gpu_dvfs_margin", "70"],
            ["$deisolation", "4|5|6|7"]
          ],
          "exit": [
            ["$min_cpu_freq", "0 500000|1 437000|2 659000"],
            ["$max_cpu_freq", "0 2000000|1 2354000|2 2600000"],
            ["$gpu_dvfs_margin", "15"],
            ["$deisolation", "4|5|6|7"]
          ]
        }
      },{
        "mode": ["fast"],
        "booster": {
          "events": ["presets"],
          "duration": 3000,
          "enter": [
            ["$gpu_dvfs_margin", "130"],
            ["$deisolation", "4|5|6|7"]
          ],
          "exit": [
            ["$gpu_dvfs_margin", "35"],
            ["$deisolation", "4|5|6|7"]
          ]
        }
      }]
    },
    {
      "friendly": "扫码",
      "packages": [
        "com.tencent.mm.plugin.scanner.ui.BaseScanUI",
        "com.tencent.mobileqq.olympic.activity.ScanTorchActivity",
        "com.tencent.mobileqq.olympic.activity.ScanTorchActivity",
        "com.alipay.mobile.scan.as.main.MainCaptureActivity",
        "com.jd.lib.scan.lib.zxing.client.android.CaptureActivity",
        "com.etao.feimagesearch.capture.CaptureActivity"
      ],
      "call": [
        ["$util_max_top", "1024"],
        ["$util_max_bg", "100"],
        ["$util_max_fg", "1024"],
        ["@cpuset", "0", "0-4", "0-7", "0-7"],
        ["$max_cpu_freq", "0 2000000|1 2600000|2 2600000"],
        ["$min_cpu_freq", "0 1725000|1 1855000|2 1820000"],
        ["$mi_thermal", "10"]
      ]
    },
    {
      "friendly": "相机",
      "packages": [
        "com.tencent.mm.plugin.recordvideo.activity.MMRecordUI",
        "com.tencent.aelight.camera.aebase.QIMCameraCaptureActivity",
        "dov.com.qq.im.QIMCameraCaptureActivity",
        "com.googleCamera.Wichaya8",
        "com.accordion.analogcam.cn",
        "org.codeaurora.snapcam",
        "com.android.camera",
        "com.xiaomi.scanner",
        "com.blink.academy.protake",
        "com.benqu.wuta",
        "com.gorgeous.lite",
        "com.kwai.m2u",
        "com.meitu.meiyancamera",
        "com.yiruike.sodacn.android",
        "com.lemon.faceu",
        "com.mt.mtxx.mtxx"
      ],
      "call": [
        ["$util_max_top", "1024"],
        ["$util_max_bg", "100"],
        ["$util_max_fg", "1024"],
        ["@cpuset", "0-1", "0-4", "0-7", "0-7"]
      ],
      "modes": [{
        "mode": ["powersave", "balance"],
        "booster": {
          "events": ["presets"],
          "duration": 3000,
          "idle_delay": 8000,
          "enter": [
            ["$max_cpu_freq", "0 2000000|1 2600000|2 2600000"],
            ["$min_cpu_freq", "0 1725000|1 1855000|2 1820000"]
          ],
          "exit": [
            ["$max_cpu_freq", "0 2000000|1 1985000|2 2141000"],
            ["$min_cpu_freq", "0 1000000|1 700000|2 659000"]
          ]
        }
      }]
    },
    {
      "friendly": "狗屎/毒瘤",
      "packages": [
        "com.tencent.mm:appbrand",
        "com.tencent.mm:toolsmp"
      ],
      "modes": [{
        "mode": ["powersave", "balance"],
        "call": [
          ["$stune_top_boost", "10"],
          ["$util_max_top", "1024"],
          ["$util_max_bg", "100"],
          ["$util_max_fg", "1024"],
          ["@cpuset", "0", "0-4", "0-7", "0-7"],
          ["$max_cpu_freq", "0 2000000|1 2400000|2 2400000"],
          ["$min_cpu_freq", "0 1450000|1 1046000|2 1108000"],
          ["$mi_thermal", "10"]
        ]
      }]
    },
    {
      "friendly": "All",
      "packages": ["*"],
      "stop_on": [],
      "sensors": [
        {
          "sensor": "/sys/class/power_supply/charger/online",
          "logger": false,
          "disable": true,
          "interval": 1000,
          "rules": [
            {
              "threshold": [-1, 1],
              "note": "[sensor] < value1 && [sensor] >= value2",
              "enter": [
                ["/sys/devices/system/cpu/eas/enable", "0"],
                ["$stune_top_perf", "1"],
                ["$stune_top_boost", "100"],
                ["$max_cpu_freq", "0 2000000|1 2600000|2 2600000"],
                ["$min_cpu_freq", "0 2000000|1 2600000|2 2600000"]
              ]
            },
            {
              "threshold": [1, 0],
              "enter": []
            }
          ]
        }
      ],
      "modes": [{
        "mode": ["powersave"],
        "booster": {
          "events": ["touch", "buttons", "synaptics", "uinput-fpc", "gpio-keys"],
          "duration": 5000,
          "enter": [
            ["$stune_top_boost", "10"],
            ["$util_max_top", "1024"],
            ["$util_max_bg", "100"],
            ["$util_max_fg", "1024"],
            ["$deisolation", "4|5|6|7"]
          ],
          "exit": [
            ["$deisolation", "4|5|6|7"]
          ]
        }
      }, {
        "mode": ["balance"],
        "booster": {
          "events": ["touch", "buttons", "synaptics", "uinput-fpc", "gpio-keys"],
          "duration": 3000,
          "enter": [
            ["$stune_top_boost", "10"],
            ["$deisolation", "4|5|6|7"]
          ],
          "exit": [
            ["$deisolation", "4|5|6|7"]
          ]
        }
      }, {
        "mode": ["performance", "fast", "pedestal"],
        "disable": true,
        "booster": {
          "events": ["touch", "buttons", "synaptics", "uinput-fpc", "gpio-keys"],
          "duration": 2000,
          "enter": [
            ["$stune_top_boost", "100"],
            ["$sched_boost", "2"],
            ["$deisolation", "4|5|6|7"]
          ],
          "exit": [
            ["$deisolation", "4|5|6|7"]
          ]
        }
      }]
    }
  ]
}