{
  "friendly": "极速响应",
  "packages": [
    "com.miui.home",
    "com.meizu.flyme.launcher",
    "net.oneplus.launcher",
    "com.oppo.launcher",
    "ch.deletescape.lawnchair.ci",
    "com.mi.android.globallauncher",
    "com.teslacoilsw.launcher",
    "com.android.quicksearchbox",
    "net.oneplus.h2launcher",
    "com.oneplus.hydrogen.launcher",
    "com.microsoft.launcher",
    "org.lineageos.trebuchet",
    "org.mokee.lawnchair",
    "com.google.android.apps.nexuslauncher",
    "ch.deletescape.lawnchair.plah"
  ],
  "modes": [{
    "mode": ["powersave"],
    "call": [
    ],
    "booster": {
      "events": ["presets"],
      "duration": 3000,
      "idle_delay": 2000,
      "enter": [
        ["$core_ctl_4", "0"],
        ["$core_ctl_7", "0"],
        ["$stune_top_perf", "1"],
        ["$stune_top_boost", "10"],
        ["$cpu_min_0", "1708800"],
        ["$cpu_max_0", "1804800"],
        ["$cpu_max_4", "2246400"],
        ["$cpu_max_7", "2457600"],
        ["@high_rate", "on"],
        ["@cpuset", "0-3", "0-6", "0-6", "0-7"]
      ],
      "exit": [
        ["$cpu_min_0", "300000"],
        ["$cpu_min_4", "710400"],
        ["$cpu_min_7", "844800"],
        ["@high_rate", "off"],
        ["$core_ctl_4", "1"],
        ["$core_ctl_7", "1"],
        ["@cpuset", "1-3", "0-4", "0-6", "0-7"]
      ]
    }
  },{
    "mode": ["balance"],
    "call": [
      ["$core_ctl_4", "1"],
      ["$core_ctl_7", "1"]
    ],
    "booster": {
      "events": ["presets"],
      "duration": 3000,
      "idle_delay": 2000,
      "enter": [
        ["$stune_top_perf", "1"],
        ["$stune_top_boost", "20"],
        ["$cpu_min_0", "1708800"],
        ["$cpu_min_4", "1612800"],
        ["$cpu_min_7", "1670400"],
        ["$cpu_max_0", "1804800"],
        ["$cpu_max_4", "2342400"],
        ["$cpu_max_7", "2649600"],
        ["@high_rate", "on"],
        ["@cpuset", "0-3", "0-6", "0-6", "0-7"]
      ],
      "exit": [
        ["$cpu_min_0", "300000"],
        ["$cpu_min_4", "710400"],
        ["$cpu_min_7", "844800"],
        ["@high_rate", "off"],
        ["@cpuset", "1-3", "0-4", "0-6", "0-7"]
      ]
    }
  },{
    "mode": ["performance"],
    "booster": {
      "events": ["presets"],
      "duration": 3000,
      "enter": [
        ["$stune_top_boost", "100"],
        ["$stune_top_perf", "1"],
        ["$sched_boost", "2"],
        ["$cpu_min_0", "1708800"],
        ["$cpu_min_4", "1612800"],
        ["$cpu_min_7", "1670400"],
        ["$cpu_max_0", "1804800"],
        ["$cpu_max_4", "2419200"],
        ["$cpu_max_7", "3300000"],
        ["@cpuset", "0-3", "0-6", "0-6", "0-7"]
      ],
      "exit": [
        ["$cpu_min_0", "300000"],
        ["$cpu_min_4", "710400"],
        ["$cpu_min_7", "844800"],
        ["@cpuset", "1-3", "0-4", "0-6", "0-7"]
      ]
    }
  },{
    "mode": ["fast"],
    "booster": {
      "events": ["presets"],
      "duration": 3000,
      "enter": [
        ["$stune_top_boost", "100"],
        ["$stune_top_perf", "1"],
        ["$sched_boost", "2"],
        ["$cpu_max_0", "1804800"],
        ["$cpu_max_4", "2419200"],
        ["$cpu_max_7", "3300000"],
        ["@cpuset", "0-3", "0-6", "0-6", "0-7"]
      ],
      "exit": [
        ["@cpuset", "1-3", "0-4", "0-6", "0-7"]
      ]
    }
  }]
}