{
  "friendly": "视频应用",
  "packages": [
    "tv.danmaku.bili", "com.bilibili.app.in",
    "com.google.android.youtube",
    "com.tencent.qqlive",
    "com.ss.android.article.video",
    "com.qiyi.video",
    "com.qiyi.video.lite",
    "com.qiyi.video.sdkplayer",
    "com.dianshijia.newlive",
    "com.duowan.kiwi",
    "air.tv.douyu.android",
    "com.douyu.rush",
    "com.youku.phone",
    "org.telegram.messenger",
    "com.hunantv.imgo.activity"
  ],
  "modes": [{
    "call": [ ["$core_ctl_4", "0"] ],
    "mode": ["powersave"],
    "booster": {
      "events": ["presets"],
      "duration": 2000,
      "idle_delay": 3000,
      "enter": [
        ["$cpuset_top", "0-7"],
        ["$core_ctl_4", "0"], ["$core_ctl_7", "0"],
        ["$cpu_max_0", "1708800"], ["$cpu_max_4", "1574400"], ["$cpu_max_7", "1632000"],
        ["@high_rate", "on"]
      ],
      "exit": [
        ["$cpuset_top", "0-7"],
        ["$cpu_max_0", "1708800"], ["$cpu_max_4", "1382400"], ["$cpu_max_7", "1190400"],
        ["$stune_top_boost", "0"], ["$stune_top_perf", "0"],
        ["@high_rate", "off"]
      ]
    }
  }, {
    "mode": ["balance"],
    "booster": {
      "events": ["presets"],
      "duration": 2000,
      "idle_delay": 5000,
      "enter": [
        ["$cpuset_top", "0-7"],
        ["$cpu_max_0", "1804800"], ["$cpu_max_4", "1862400"], ["$cpu_max_7", "1862400"],
        ["$stune_top_boost", "1"], ["$stune_top_perf", "0"],
        ["@high_rate", "on"]
      ],
      "exit": [
        ["$cpuset_top", "0-7"], ["$cpuset_fg", "0-7"],
        ["$cpu_max_0", "1708800"], ["$cpu_max_4", "1574400"], ["$cpu_max_7", "1632000"],
        ["$stune_top_boost", "0"], ["$stune_top_perf", "0"],
        ["@high_rate", "off"]
      ]
    }
  }, {
    "mode": ["performance", "fast"],
    "booster": {
      "events": ["presets"],
      "duration": 2000,
      "enter": [
        ["$cpuset_top", "0-7"],
        ["$stune_top_boost", "10"], ["$stune_top_perf", "1"]
      ]
    }
  }]
}