{
  "friendly": "相机",
  "packages": [
    "com.tencent.mm.plugin.recordvideo.activity.MMRecordUI",
    "com.tencent.aelight.camera.aebase.QIMCameraCaptureActivity",
    "dov.com.qq.im.QIMCameraCaptureActivity",
    "com.googleCamera.Wichaya8",
    "com.accordion.analogcam.cn",
    "org.codeaurora.snapcam",
    "com.android.camera",
    "com.xiaomi.scanner",
    "com.blink.academy.protake",
    "com.benqu.wuta",
    "com.gorgeous.lite",
    "com.kwai.m2u",
    "com.meitu.meiyancamera",
    "com.yiruike.sodacn.android",
    "com.lemon.faceu",
    "com.mt.mtxx.mtxx"
  ],
  "call": [
    ["@uclamp", "0.00~max", "0.00~max", "0.00~max"],
    ["@cpuset", "0-1", "0-4", "0-7", "0-7"]
  ],
  "modes": [{
    "mode": ["powersave", "balance"],
    "booster": {
      "events": ["presets", "NVTCapacitiveTouchScreen"],
      "duration": 3000,
      "idle_delay": 8000,
      "enter": [
        ["@cpu_freq", "policy0", "1700MHz", "max"],
        ["@cpu_freq", "policy4", "1800MHz", "2.6Ghz"],
        ["@cpu_freq", "policy7", "1800MHz", "2.6Ghz"],
        ["@high_rate", "on"],
        ["$ddr_freq_min", "4266000000"]
      ],
      "exit": [
        ["@cpu_freq", "policy0", "min", "max"],
        ["@cpu_freq", "policy4", "min", "2000MHz"],
        ["@cpu_freq", "policy7", "min", "2000MHz"],
        ["@high_rate", "off"],
        ["$ddr_freq_min", "2133000000"]
      ]
    }
  }],
  "booster": {
    "events": ["touch", "buttons"],
    "duration": 2000,
    "idle_delay": 2000,
    "enter": [ ["@high_rate", "on"], ["$ddr_freq_min", "4266000000"] ],
    "exit": [ ["@high_rate", "off"], ["$ddr_freq_min", "2133000000"] ]
  }
}