{
  "friendly": "社交APP",
  "packages": [
    "com.tencent.mobileqq",
    "com.tencent.mm",
    "com.tencent.tim",
    "org.telegram.messenger"
  ],
  "call": [
    ["$boost_affinity", "1"],
    ["$ddr_freq_min", "800000000"]
  ],
  "modes": [{
    "mode": ["powersave"],
    "booster": {
      "events": ["presets", "NVTCapacitiveTouchScreen"],
      "duration": 1200,
      "idle_delay": 2000,
      "enter": [
        ["@preset", "governor_durable"],
        ["@uclamp", "0.00~0.00", "0.00~max", "1.00~max"],
        ["$cpu_min_0", "#800000"],
        ["$cpu_max_0", "#1700000"],
        ["$cpu_min_4", "#500000"],
        ["$cpu_min_7", "#600000"],
        ["@high_rate", "on"]
      ],
      "exit": [
        ["$cpu_min_0", "#450000"],
        ["$cpu_max_0", "#1500000"],
        ["$cpu_min_4", "#200000"],
        ["$cpu_min_7", "#500000"],
        ["@uclamp", "0.00~0.00", "0.00~15.00", "0.00~25.00"],
        ["@high_rate", "off"],
        ["@preset", "governor_idle"]
      ]
    }
  },{
    "mode": ["balance"],
    "booster": {
      "events": ["presets", "NVTCapacitiveTouchScreen"],
      "duration": 2000,
      "idle_delay": 3000,
      "enter": [
        ["$cpu_min_0", "#900000"], ["$cpu_min_4", "#500000"], ["$cpu_min_7", "#600000"],
        ["@uclamp", "0.00~15.0", "0.00~max", "1.00~max"],
        ["@high_rate", "on"]
      ],
      "exit": [
        ["@uclamp", "0.00~3.00", "0.00~max", "0.00~max"],
        ["$cpu_min_0", "#450000"], ["$cpu_min_4", "#200000"], ["$cpu_min_7", "#500000"],
        ["@high_rate", "off"]
      ]
    }
  }, {
    "mode": ["performance"],
    "booster": {
      "events": ["presets", "NVTCapacitiveTouchScreen"],
      "duration": 2000,
      "idle_delay": 3000,
      "enter": [
        ["$cpu_min_0", "#1400000"],
        ["$cpu_min_4", "#900000"],
        ["$cpu_min_7", "#900000"],
        ["$uclamp_fg_min", "3.00"],
        ["$uclamp_top_min", "7.00"],
        ["@high_rate", "on"]
      ],
      "exit": [
        ["$cpu_min_0", "#450000"],
        ["$cpu_min_4", "#400000"],
        ["$cpu_min_7", "#500000"],
        ["@high_rate", "off"]
      ]
    }
  }, {
    "mode": ["fast"],
    "booster": {
      "events": ["presets", "NVTCapacitiveTouchScreen"],
      "duration": 2000,
      "idle_delay": 2000,
      "enter": [
        ["@high_rate", "on"],
        ["@preset", "touch_boost_fast"]
      ],
      "exit": [
        ["@high_rate", "off", "1000"],
        ["@preset", "exit_boost_fast"]
      ]
    }
  }, {
    "mode": ["pedestal"],
    "sensors": [{
      "disable": false,
      "sensor": "/sys/class/power_supply/battery/temp",
      "interval": 15000,
      "rules": [
        { "threshold": [-1, 440], "enter": [["@charge", "suspend"]] },
        { "threshold": [440, 310], "enter": [["@charge", "suspend"]] },
        { "threshold": [410, 380], "enter": [["@charge", "normal"]] },
        { "threshold": [380, -10], "enter": [["@charge", "normal"]] }
      ]
    }],
    "booster": {
      "events": ["presets", "NVTCapacitiveTouchScreen"],
      "duration": 2000,
      "idle_delay": 3000,
      "enter": [ ["@preset", "touch_boost_pedestal"] ],
      "exit": [ ["@preset", "exit_boost_pedestal"] ]
    }
  }]
}