{
  "friendly": "模拟器",
  "packages": ["xyz.aethersx2.android", "com.aiwu.dolphinemu"],
  "sensors": [],
  "call": [
    ["@high_rate", "off"],
    ["@uclamp", "0.00~10.00", "0.00~max", "1.00~max"]
  ],
  "cpuset": {
    "interval": 3000,
    "unity_main": "7",
    "other": "0-6"
  },
  "modes": [
    {
      "mode": ["performance"],
      "enter": [
        ["$cpu_min_0", "1056000"],
        ["$cpu_min_4", "1209600"],
        ["$cpu_min_7", "1286400"],
        ["$cpu_max_0", "1804800"],
        ["$cpu_max_4", "2457600"],
        ["$cpu_max_7", "2822400"]
      ]
    },
    {
      "mode": ["fast"],
      "enter": [
        ["$cpu_min_0", "1440000"],
        ["$cpu_min_4", "1440000"],
        ["$cpu_min_7", "1401600"],
        ["$cpu_max_0", "1804800"],
        ["$cpu_max_4", "2745600"],
        ["$cpu_max_7", "2995200"]
      ]
    },
    {
      "mode": ["pedestal"],
      "enter": [
        ["$cpu_min_0", "1440000"],
        ["$cpu_min_4", "1651200"],
        ["$cpu_min_7", "1651200"]
      ]
    }
  ]
}