{
  "friendly": "待机",
  "packages": ["standby"],
  "call": [
  ],
  "booster": {
    "events": ["presets"],
    "duration": 3500,
    "idle_delay": 2000,
    "enter": [
      ["@cpuset", "0-6", "0-6", "0-7", "0-7"],
      ["@cpu_freq", "cpu0", "960000", "1574400"],
      ["@cpu_freq", "cpu4", "1209600", "2227200"],
      ["@cpu_freq", "cpu7", "806400", "2284800"],
      ["$uclamp_bg_max", "max"],
      ["$uclamp_fg_max", "max"],
      ["$uclamp_top_max", "max"],
      ["@high_rate", "on"]
    ],
    "burst": [
      ["@cpuset", "0-6", "0-6", "0-7", "0-7"],
      ["@cpu_freq", "cpu0", "800000", "1785600"],
      ["@cpu_freq", "cpu4", "1555200", "2227200"],
      ["@cpu_freq", "cpu7", "1209600", "2630400"],
      ["$uclamp_bg_min", "max"],
      ["$uclamp_fg_min", "max"],
      ["$uclamp_top_min", "max"],
      ["$uclamp_bg_max", "max"],
      ["@high_rate", "on"]
    ],
    "exit": [
      ["$core_ctl_4", "1"],
      ["$core_ctl_7", "1"],
      ["@cpuset", "0-2", "0-3", "0-3", "0-6"],
      ["@cpu_freq", "cpu0", "min", "1478400"],
      ["@cpu_freq", "cpu4", "min", "1555200"],
      ["@cpu_freq", "cpu7", "806400", "1286400"],
      ["$uclamp_bg_max", "9.00"],
      ["$uclamp_fg_max", "max"],
      ["$uclamp_top_max", "max"],
      ["@high_rate", "off"]
    ]
  }
}